airport,source,model,timing,rows,target_days,first_target,last_target,available_at_rows,fetched_at_rows,evidence_class
CYYZ,open-meteo,ecmwf_ifs025,D-1,3,3,2026-07-27,2026-08-11,1,3,historical-causal
CYYZ,open-meteo,ecmwf_ifs025,D-2+,3,3,2026-07-28,2026-08-12,1,3,historical-causal
CYYZ,open-meteo,ecmwf_ifs025,Live,6,6,2026-07-24,2026-08-10,1,6,historical-causal
CYYZ,open-meteo,gfs_global,D-1,3,3,2026-07-27,2026-08-11,1,3,historical-causal
CYYZ,open-meteo,gfs_global,D-2+,3,3,2026-07-28,2026-08-12,1,3,historical-causal
CYYZ,open-meteo,gfs_global,Live,6,6,2026-07-24,2026-08-10,1,6,historical-causal
CYYZ,open-meteo,icon_global,D-1,3,3,2026-07-27,2026-08-11,1,3,historical-causal
CYYZ,open-meteo,icon_global,D-2+,3,3,2026-07-28,2026-08-12,1,3,historical-causal
CYYZ,open-meteo,icon_global,Live,6,6,2026-07-24,2026-08-10,1,6,historical-causal
CYYZ,previous-runs,ecmwf_ifs025,D-1,365,365,2025-07-19,2026-07-18,0,365,reconstructed-research
CYYZ,previous-runs,gfs_global,D-1,365,365,2025-07-19,2026-07-18,0,365,reconstructed-research
CYYZ,previous-runs,icon_global,D-1,362,362,2025-07-19,2026-07-18,0,362,reconstructed-research
EDDM,meteoblue,meteoblue,D-1,20,4,2026-08-12,2026-08-15,20,20,historical-causal
EDDM,meteoblue,meteoblue,D-2+,100,8,2026-08-13,2026-08-20,100,100,historical-causal
EDDM,meteoblue,meteoblue,D0-morning,9,3,2026-08-12,2026-08-14,9,9,historical-causal
EDDM,meteoblue,meteoblue,Live,26,19,2026-07-27,2026-08-14,26,26,historical-causal
EDDM,open-meteo,ecmwf_ifs025,D-1,28,4,2026-08-12,2026-08-15,22,28,historical-causal
EDDM,open-meteo,ecmwf_ifs025,D-2+,28,4,2026-08-13,2026-08-16,22,28,historical-causal
EDDM,open-meteo,ecmwf_ifs025,D0-morning,9,3,2026-08-12,2026-08-14,6,9,historical-causal
EDDM,open-meteo,ecmwf_ifs025,Live,34,19,2026-07-27,2026-08-14,20,34,historical-causal
EDDM,open-meteo,gfs_global,D-1,28,4,2026-08-12,2026-08-15,22,28,historical-causal
EDDM,open-meteo,gfs_global,D-2+,28,4,2026-08-13,2026-08-16,22,28,historical-causal
EDDM,open-meteo,gfs_global,D0-morning,9,3,2026-08-12,2026-08-14,8,9,historical-causal
EDDM,open-meteo,gfs_global,Live,34,19,2026-07-27,2026-08-14,19,34,historical-causal
EDDM,open-meteo,icon_eu,D-1,19,4,2026-08-12,2026-08-15,12,19,historical-causal
EDDM,open-meteo,icon_eu,D-2+,19,4,2026-08-13,2026-08-16,12,19,historical-causal
EDDM,open-meteo,icon_eu,D0-morning,3,3,2026-08-12,2026-08-14,2,3,historical-causal
EDDM,open-meteo,icon_eu,Live,31,19,2026-07-27,2026-08-14,16,31,historical-causal
EDDM,open-meteo,icon_global,D-1,28,4,2026-08-12,2026-08-15,23,28,historical-causal
EDDM,open-meteo,icon_global,D-2+,28,4,2026-08-13,2026-08-16,23,28,historical-causal
EDDM,open-meteo,icon_global,D0-morning,9,3,2026-08-12,2026-08-14,8,9,historical-causal
EDDM,open-meteo,icon_global,Live,34,19,2026-07-27,2026-08-14,20,34,historical-causal
EDDM,open-meteo,meteofrance_arpege_europe,D-1,19,4,2026-08-12,2026-08-15,18,19,historical-causal
EDDM,open-meteo,meteofrance_arpege_europe,D-2+,19,4,2026-08-13,2026-08-16,18,19,historical-causal
EDDM,open-meteo,meteofrance_arpege_europe,D0-morning,3,3,2026-08-12,2026-08-14,3,3,historical-causal
EDDM,open-meteo,meteofrance_arpege_europe,Live,31,19,2026-07-27,2026-08-14,21,31,historical-causal
EDDM,open-meteo,ukmo_global_deterministic_10km,D-1,19,4,2026-08-12,2026-08-15,15,19,historical-causal
EDDM,open-meteo,ukmo_global_deterministic_10km,D-2+,19,4,2026-08-13,2026-08-16,15,19,historical-causal
EDDM,open-meteo,ukmo_global_deterministic_10km,D0-morning,3,3,2026-08-12,2026-08-14,3,3,historical-causal
EDDM,open-meteo,ukmo_global_deterministic_10km,Live,31,19,2026-07-27,2026-08-14,18,31,historical-causal
EDDM,previous-runs,ecmwf_ifs025,D-1,368,368,2025-07-19,2026-07-21,0,368,reconstructed-research
EDDM,previous-runs,gfs_global,D-1,368,368,2025-07-19,2026-07-21,0,368,reconstructed-research
EDDM,previous-runs,icon_eu,D-1,365,365,2025-07-22,2026-07-21,0,365,reconstructed-research
EDDM,previous-runs,icon_global,D-1,366,366,2025-07-19,2026-07-21,0,366,reconstructed-research
EDDM,previous-runs,meteofrance_arpege_europe,D-1,365,365,2025-07-22,2026-07-21,0,365,reconstructed-research
EDDM,previous-runs,ukmo_global_deterministic_10km,D-1,335,335,2025-07-22,2026-07-21,0,335,reconstructed-research
EFHK,open-meteo,ecmwf_ifs025,D-1,1,1,2026-08-12,2026-08-12,1,1,historical-causal
EFHK,open-meteo,ecmwf_ifs025,D-2+,1,1,2026-08-13,2026-08-13,1,1,historical-causal
EFHK,open-meteo,ecmwf_ifs025,D0-morning,1,1,2026-08-11,2026-08-11,1,1,historical-causal
EFHK,open-meteo,ecmwf_ifs025,Live,2,2,2026-08-09,2026-08-10,2,2,historical-causal
EFHK,open-meteo,gfs_global,D-1,1,1,2026-08-12,2026-08-12,1,1,historical-causal
EFHK,open-meteo,gfs_global,D-2+,1,1,2026-08-13,2026-08-13,1,1,historical-causal
EFHK,open-meteo,gfs_global,D0-morning,1,1,2026-08-11,2026-08-11,1,1,historical-causal
EFHK,open-meteo,gfs_global,Live,2,2,2026-08-09,2026-08-10,2,2,historical-causal
EFHK,open-meteo,icon_global,D-1,1,1,2026-08-12,2026-08-12,1,1,historical-causal
EFHK,open-meteo,icon_global,D-2+,1,1,2026-08-13,2026-08-13,1,1,historical-causal
EFHK,open-meteo,icon_global,D0-morning,1,1,2026-08-11,2026-08-11,1,1,historical-causal
EFHK,open-meteo,icon_global,Live,2,2,2026-08-09,2026-08-10,2,2,historical-causal
EFHK,previous-runs,ecmwf_ifs025,D-1,365,365,2025-07-19,2026-07-18,0,365,reconstructed-research
EFHK,previous-runs,gfs_global,D-1,365,365,2025-07-19,2026-07-18,0,365,reconstructed-research
EFHK,previous-runs,icon_global,D-1,363,363,2025-07-19,2026-07-18,0,363,reconstructed-research
EGLL,open-meteo,ecmwf_ifs025,D-1,1,1,2026-08-12,2026-08-12,1,1,historical-causal
EGLL,open-meteo,ecmwf_ifs025,D-2+,1,1,2026-08-13,2026-08-13,1,1,historical-causal
EGLL,open-meteo,ecmwf_ifs025,D0-morning,2,2,2026-08-10,2026-08-11,2,2,historical-causal
EGLL,open-meteo,gfs_global,D-1,1,1,2026-08-12,2026-08-12,1,1,historical-causal
EGLL,open-meteo,gfs_global,D-2+,1,1,2026-08-13,2026-08-13,1,1,historical-causal
EGLL,open-meteo,gfs_global,D0-morning,2,2,2026-08-10,2026-08-11,2,2,historical-causal
EGLL,open-meteo,icon_global,D-1,1,1,2026-08-12,2026-08-12,1,1,historical-causal
EGLL,open-meteo,icon_global,D-2+,1,1,2026-08-13,2026-08-13,1,1,historical-causal
EGLL,open-meteo,icon_global,D0-morning,2,2,2026-08-10,2026-08-11,2,2,historical-causal
EGLL,previous-runs,ecmwf_ifs025,D-1,365,365,2025-07-19,2026-07-18,0,365,reconstructed-research
EGLL,previous-runs,gfs_global,D-1,365,365,2025-07-19,2026-07-18,0,365,reconstructed-research
EGLL,previous-runs,icon_global,D-1,363,363,2025-07-19,2026-07-18,0,363,reconstructed-research
EHAM,historical-forecast,ecmwf_ifs025,Legacy,365,365,2025-07-14,2026-07-13,0,0,reconstructed-research
EHAM,historical-forecast,gfs_global,Legacy,365,365,2025-07-14,2026-07-13,0,0,reconstructed-research
EHAM,historical-forecast,icon_eu,Legacy,365,365,2025-07-14,2026-07-13,0,0,reconstructed-research
EHAM,historical-forecast,knmi_harmonie_arome_europe,Legacy,365,365,2025-07-14,2026-07-13,0,0,reconstructed-research
EHAM,historical-forecast,meteofrance_arpege_europe,Legacy,365,365,2025-07-14,2026-07-13,0,0,reconstructed-research
EHAM,historical-forecast,ukmo_global_deterministic_10km,Legacy,365,365,2025-07-14,2026-07-13,0,0,reconstructed-research
EHAM,meteoblue,meteoblue,D-1,22,4,2026-08-12,2026-08-15,22,22,historical-causal
EHAM,meteoblue,meteoblue,D-2+,110,8,2026-08-13,2026-08-20,110,110,historical-causal
EHAM,meteoblue,meteoblue,D0-morning,9,3,2026-08-12,2026-08-14,9,9,historical-causal
EHAM,meteoblue,meteoblue,Live,36,27,2026-07-19,2026-08-14,31,31,historical-causal
EHAM,open-meteo,ecmwf_ifs025,D-1,32,4,2026-08-12,2026-08-15,30,32,historical-causal
EHAM,open-meteo,ecmwf_ifs025,D-2+,32,4,2026-08-13,2026-08-16,30,32,historical-causal
EHAM,open-meteo,ecmwf_ifs025,D0-morning,10,3,2026-08-12,2026-08-14,10,10,historical-causal
EHAM,open-meteo,ecmwf_ifs025,Live,45,27,2026-07-19,2026-08-14,25,40,historical-causal
EHAM,open-meteo,gfs_global,D-1,32,4,2026-08-12,2026-08-15,32,32,historical-causal
EHAM,open-meteo,gfs_global,D-2+,32,4,2026-08-13,2026-08-16,32,32,historical-causal
EHAM,open-meteo,gfs_global,D0-morning,9,3,2026-08-12,2026-08-14,9,9,historical-causal
EHAM,open-meteo,gfs_global,Live,46,27,2026-07-19,2026-08-14,30,41,historical-causal
EHAM,open-meteo,icon_eu,D-1,23,4,2026-08-12,2026-08-15,18,23,historical-causal
EHAM,open-meteo,icon_eu,D-2+,23,4,2026-08-13,2026-08-16,18,23,historical-causal
EHAM,open-meteo,icon_eu,D0-morning,3,3,2026-08-12,2026-08-14,1,3,historical-causal
EHAM,open-meteo,icon_eu,Live,43,27,2026-07-19,2026-08-14,24,38,historical-causal
EHAM,open-meteo,icon_global,D-1,10,4,2026-08-12,2026-08-15,10,10,historical-causal
EHAM,open-meteo,icon_global,D-2+,10,4,2026-08-13,2026-08-16,10,10,historical-causal
EHAM,open-meteo,icon_global,D0-morning,7,4,2026-08-11,2026-08-14,7,7,historical-causal
EHAM,open-meteo,icon_global,Live,5,5,2026-08-09,2026-08-14,5,5,historical-causal
EHAM,open-meteo,knmi_harmonie_arome_europe,D-1,23,4,2026-08-12,2026-08-15,20,23,historical-causal
EHAM,open-meteo,knmi_harmonie_arome_europe,D-2+,11,4,2026-08-13,2026-08-16,10,11,historical-causal
EHAM,open-meteo,knmi_harmonie_arome_europe,D0-morning,3,3,2026-08-12,2026-08-14,3,3,historical-causal
EHAM,open-meteo,knmi_harmonie_arome_europe,Live,43,27,2026-07-19,2026-08-14,23,38,historical-causal
EHAM,open-meteo,meteofrance_arpege_europe,D-1,23,4,2026-08-12,2026-08-15,19,23,historical-causal
EHAM,open-meteo,meteofrance_arpege_europe,D-2+,23,4,2026-08-13,2026-08-16,19,23,historical-causal
EHAM,open-meteo,meteofrance_arpege_europe,D0-morning,3,3,2026-08-12,2026-08-14,2,3,historical-causal
EHAM,open-meteo,meteofrance_arpege_europe,Live,43,27,2026-07-19,2026-08-14,22,38,historical-causal
EHAM,open-meteo,ukmo_global_deterministic_10km,D-1,23,4,2026-08-12,2026-08-15,18,23,historical-causal
EHAM,open-meteo,ukmo_global_deterministic_10km,D-2+,23,4,2026-08-13,2026-08-16,18,23,historical-causal
EHAM,open-meteo,ukmo_global_deterministic_10km,D0-morning,3,3,2026-08-12,2026-08-14,2,3,historical-causal
EHAM,open-meteo,ukmo_global_deterministic_10km,Live,43,27,2026-07-19,2026-08-14,21,38,historical-causal
EHAM,previous-runs,ecmwf_ifs025,D-1,370,370,2025-07-14,2026-07-18,0,365,reconstructed-research
EHAM,previous-runs,gfs_global,D-1,370,370,2025-07-14,2026-07-18,0,365,reconstructed-research
EHAM,previous-runs,icon_eu,D-1,370,370,2025-07-14,2026-07-18,0,365,reconstructed-research
EHAM,previous-runs,knmi_harmonie_arome_europe,D-1,369,369,2025-07-14,2026-07-18,0,364,reconstructed-research
EHAM,previous-runs,meteofrance_arpege_europe,D-1,370,370,2025-07-14,2026-07-18,0,365,reconstructed-research
EHAM,previous-runs,ukmo_global_deterministic_10km,D-1,334,334,2025-07-20,2026-07-18,0,334,reconstructed-research
EPWA,historical-forecast,ecmwf_ifs025,Legacy,365,365,2025-07-14,2026-07-13,0,0,reconstructed-research
EPWA,historical-forecast,gfs_global,Legacy,365,365,2025-07-14,2026-07-13,0,0,reconstructed-research
EPWA,historical-forecast,icon_eu,Legacy,365,365,2025-07-14,2026-07-13,0,0,reconstructed-research
EPWA,historical-forecast,meteofrance_arpege_europe,Legacy,365,365,2025-07-14,2026-07-13,0,0,reconstructed-research
EPWA,historical-forecast,ukmo_global_deterministic_10km,Legacy,365,365,2025-07-14,2026-07-13,0,0,reconstructed-research
EPWA,meteoblue,meteoblue,D-1,21,4,2026-08-12,2026-08-15,21,21,historical-causal
EPWA,meteoblue,meteoblue,D-2+,105,8,2026-08-13,2026-08-20,105,105,historical-causal
EPWA,meteoblue,meteoblue,D0-morning,9,3,2026-08-12,2026-08-14,9,9,historical-causal
EPWA,meteoblue,meteoblue,Live,35,27,2026-07-19,2026-08-14,30,30,historical-causal
EPWA,open-meteo,ecmwf_ifs025,D-1,31,4,2026-08-12,2026-08-15,28,31,historical-causal
EPWA,open-meteo,ecmwf_ifs025,D-2+,31,4,2026-08-13,2026-08-16,28,31,historical-causal
EPWA,open-meteo,ecmwf_ifs025,D0-morning,9,3,2026-08-12,2026-08-14,9,9,historical-causal
EPWA,open-meteo,ecmwf_ifs025,Live,45,27,2026-07-19,2026-08-14,24,40,historical-causal
EPWA,open-meteo,gfs_global,D-1,31,4,2026-08-12,2026-08-15,29,31,historical-causal
EPWA,open-meteo,gfs_global,D-2+,31,4,2026-08-13,2026-08-16,29,31,historical-causal
EPWA,open-meteo,gfs_global,D0-morning,9,3,2026-08-12,2026-08-14,9,9,historical-causal
EPWA,open-meteo,gfs_global,Live,45,27,2026-07-19,2026-08-14,24,40,historical-causal
EPWA,open-meteo,icon_eu,D-1,22,4,2026-08-12,2026-08-15,16,22,historical-causal
EPWA,open-meteo,icon_eu,D-2+,22,4,2026-08-13,2026-08-16,16,22,historical-causal
EPWA,open-meteo,icon_eu,D0-morning,3,3,2026-08-12,2026-08-14,2,3,historical-causal
EPWA,open-meteo,icon_eu,Live,42,27,2026-07-19,2026-08-14,21,37,historical-causal
EPWA,open-meteo,icon_global,D-1,10,4,2026-08-12,2026-08-15,10,10,historical-causal
EPWA,open-meteo,icon_global,D-2+,10,4,2026-08-13,2026-08-16,10,10,historical-causal
EPWA,open-meteo,icon_global,D0-morning,7,4,2026-08-11,2026-08-14,7,7,historical-causal
EPWA,open-meteo,icon_global,Live,5,5,2026-08-09,2026-08-14,5,5,historical-causal
EPWA,open-meteo,meteofrance_arpege_europe,D-1,22,4,2026-08-12,2026-08-15,18,22,historical-causal
EPWA,open-meteo,meteofrance_arpege_europe,D-2+,22,4,2026-08-13,2026-08-16,18,22,historical-causal
EPWA,open-meteo,meteofrance_arpege_europe,D0-morning,3,3,2026-08-12,2026-08-14,2,3,historical-causal
EPWA,open-meteo,meteofrance_arpege_europe,Live,42,27,2026-07-19,2026-08-14,23,37,historical-causal
EPWA,open-meteo,ukmo_global_deterministic_10km,D-1,22,4,2026-08-12,2026-08-15,22,22,historical-causal
EPWA,open-meteo,ukmo_global_deterministic_10km,D-2+,22,4,2026-08-13,2026-08-16,22,22,historical-causal
EPWA,open-meteo,ukmo_global_deterministic_10km,D0-morning,3,3,2026-08-12,2026-08-14,3,3,historical-causal
EPWA,open-meteo,ukmo_global_deterministic_10km,Live,42,27,2026-07-19,2026-08-14,26,37,historical-causal
EPWA,previous-runs,ecmwf_ifs025,D-1,370,370,2025-07-14,2026-07-18,0,365,reconstructed-research
EPWA,previous-runs,gfs_global,D-1,370,370,2025-07-14,2026-07-18,0,365,reconstructed-research
EPWA,previous-runs,icon_eu,D-1,370,370,2025-07-14,2026-07-18,0,365,reconstructed-research
EPWA,previous-runs,meteofrance_arpege_europe,D-1,370,370,2025-07-14,2026-07-18,0,365,reconstructed-research
EPWA,previous-runs,ukmo_global_deterministic_10km,D-1,334,334,2025-07-20,2026-07-18,0,334,reconstructed-research
FACT,open-meteo,ecmwf_ifs025,D-1,1,1,2026-08-12,2026-08-12,1,1,historical-causal
FACT,open-meteo,ecmwf_ifs025,D-2+,1,1,2026-08-13,2026-08-13,1,1,historical-causal
FACT,open-meteo,ecmwf_ifs025,D0-morning,1,1,2026-08-11,2026-08-11,1,1,historical-causal
FACT,open-meteo,ecmwf_ifs025,Live,2,2,2026-08-09,2026-08-10,2,2,historical-causal
FACT,open-meteo,gfs_global,D-1,1,1,2026-08-12,2026-08-12,0,1,unavailable
FACT,open-meteo,gfs_global,D-2+,1,1,2026-08-13,2026-08-13,0,1,unavailable
FACT,open-meteo,gfs_global,D0-morning,1,1,2026-08-11,2026-08-11,0,1,unavailable
FACT,open-meteo,gfs_global,Live,2,2,2026-08-09,2026-08-10,2,2,historical-causal
FACT,open-meteo,icon_global,D-1,1,1,2026-08-12,2026-08-12,0,1,unavailable
FACT,open-meteo,icon_global,D-2+,1,1,2026-08-13,2026-08-13,0,1,unavailable
FACT,open-meteo,icon_global,D0-morning,1,1,2026-08-11,2026-08-11,0,1,unavailable
FACT,open-meteo,icon_global,Live,2,2,2026-08-09,2026-08-10,1,2,historical-causal
FACT,previous-runs,ecmwf_ifs025,D-1,365,365,2025-07-19,2026-07-18,0,365,reconstructed-research
FACT,previous-runs,gfs_global,D-1,365,365,2025-07-19,2026-07-18,0,365,reconstructed-research
FACT,previous-runs,icon_global,D-1,363,363,2025-07-19,2026-07-18,0,363,reconstructed-research
KATL,open-meteo,ecmwf_ifs025,D-1,3,3,2026-07-27,2026-08-11,1,3,historical-causal
KATL,open-meteo,ecmwf_ifs025,D-2+,3,3,2026-07-28,2026-08-12,1,3,historical-causal
KATL,open-meteo,ecmwf_ifs025,Live,6,6,2026-07-24,2026-08-10,1,6,historical-causal
KATL,open-meteo,gfs_global,D-1,3,3,2026-07-27,2026-08-11,1,3,historical-causal
KATL,open-meteo,gfs_global,D-2+,3,3,2026-07-28,2026-08-12,1,3,historical-causal
KATL,open-meteo,gfs_global,Live,6,6,2026-07-24,2026-08-10,1,6,historical-causal
KATL,open-meteo,icon_global,D-1,3,3,2026-07-27,2026-08-11,0,3,unavailable
KATL,open-meteo,icon_global,D-2+,3,3,2026-07-28,2026-08-12,0,3,unavailable
KATL,open-meteo,icon_global,Live,6,6,2026-07-24,2026-08-10,0,6,unavailable
KATL,previous-runs,ecmwf_ifs025,D-1,365,365,2025-07-19,2026-07-18,0,365,reconstructed-research
KATL,previous-runs,gfs_global,D-1,365,365,2025-07-19,2026-07-18,0,365,reconstructed-research
KATL,previous-runs,icon_global,D-1,362,362,2025-07-19,2026-07-18,0,362,reconstructed-research
KAUS,open-meteo,ecmwf_ifs025,D-1,1,1,2026-08-11,2026-08-11,1,1,historical-causal
KAUS,open-meteo,ecmwf_ifs025,D-2+,1,1,2026-08-12,2026-08-12,1,1,historical-causal
KAUS,open-meteo,ecmwf_ifs025,Live,1,1,2026-08-10,2026-08-10,1,1,historical-causal
KAUS,open-meteo,gfs_global,D-1,1,1,2026-08-11,2026-08-11,1,1,historical-causal
KAUS,open-meteo,gfs_global,D-2+,1,1,2026-08-12,2026-08-12,1,1,historical-causal
KAUS,open-meteo,gfs_global,Live,1,1,2026-08-10,2026-08-10,1,1,historical-causal
KAUS,open-meteo,icon_global,D-1,1,1,2026-08-11,2026-08-11,1,1,historical-causal
KAUS,open-meteo,icon_global,D-2+,1,1,2026-08-12,2026-08-12,1,1,historical-causal
KAUS,open-meteo,icon_global,Live,1,1,2026-08-10,2026-08-10,1,1,historical-causal
KAUS,previous-runs,ecmwf_ifs025,D-1,365,365,2025-07-19,2026-07-18,0,365,reconstructed-research
KAUS,previous-runs,gfs_global,D-1,365,365,2025-07-19,2026-07-18,0,365,reconstructed-research
KAUS,previous-runs,icon_global,D-1,362,362,2025-07-19,2026-07-18,0,362,reconstructed-research
KDEN,open-meteo,ecmwf_ifs025,D-1,1,1,2026-08-10,2026-08-10,1,1,historical-causal
KDEN,open-meteo,ecmwf_ifs025,D-2+,1,1,2026-08-11,2026-08-11,1,1,historical-causal
KDEN,open-meteo,ecmwf_ifs025,D0-morning,1,1,2026-08-09,2026-08-09,1,1,historical-causal
KDEN,open-meteo,gfs_global,D-1,1,1,2026-08-10,2026-08-10,1,1,historical-causal
KDEN,open-meteo,gfs_global,D-2+,1,1,2026-08-11,2026-08-11,1,1,historical-causal
KDEN,open-meteo,gfs_global,D0-morning,1,1,2026-08-09,2026-08-09,1,1,historical-causal
KDEN,open-meteo,icon_global,D-1,1,1,2026-08-10,2026-08-10,1,1,historical-causal
KDEN,open-meteo,icon_global,D-2+,1,1,2026-08-11,2026-08-11,1,1,historical-causal
KDEN,open-meteo,icon_global,D0-morning,1,1,2026-08-09,2026-08-09,1,1,historical-causal
KDEN,previous-runs,ecmwf_ifs025,D-1,365,365,2025-07-19,2026-07-18,0,365,reconstructed-research
KDEN,previous-runs,gfs_global,D-1,365,365,2025-07-19,2026-07-18,0,365,reconstructed-research
KDEN,previous-runs,icon_global,D-1,362,362,2025-07-19,2026-07-18,0,362,reconstructed-research
KDFW,open-meteo,ecmwf_ifs025,D-1,1,1,2026-08-11,2026-08-11,0,1,unavailable
KDFW,open-meteo,ecmwf_ifs025,D-2+,1,1,2026-08-12,2026-08-12,0,1,unavailable
KDFW,open-meteo,ecmwf_ifs025,Live,1,1,2026-08-10,2026-08-10,0,1,unavailable
KDFW,open-meteo,gfs_global,D-1,1,1,2026-08-11,2026-08-11,1,1,historical-causal
KDFW,open-meteo,gfs_global,D-2+,1,1,2026-08-12,2026-08-12,1,1,historical-causal
KDFW,open-meteo,gfs_global,Live,1,1,2026-08-10,2026-08-10,1,1,historical-causal
KDFW,open-meteo,icon_global,D-1,1,1,2026-08-11,2026-08-11,1,1,historical-causal
KDFW,open-meteo,icon_global,D-2+,1,1,2026-08-12,2026-08-12,1,1,historical-causal
KDFW,open-meteo,icon_global,Live,1,1,2026-08-10,2026-08-10,1,1,historical-causal
KDFW,previous-runs,ecmwf_ifs025,D-1,365,365,2025-07-19,2026-07-18,0,365,reconstructed-research
KDFW,previous-runs,gfs_global,D-1,365,365,2025-07-19,2026-07-18,0,365,reconstructed-research
KDFW,previous-runs,icon_global,D-1,362,362,2025-07-19,2026-07-18,0,362,reconstructed-research
KIAH,open-meteo,ecmwf_ifs025,D-1,1,1,2026-08-11,2026-08-11,1,1,historical-causal
KIAH,open-meteo,ecmwf_ifs025,D-2+,1,1,2026-08-12,2026-08-12,1,1,historical-causal
KIAH,open-meteo,ecmwf_ifs025,Live,1,1,2026-08-10,2026-08-10,1,1,historical-causal
KIAH,open-meteo,gfs_global,D-1,1,1,2026-08-11,2026-08-11,1,1,historical-causal
KIAH,open-meteo,gfs_global,D-2+,1,1,2026-08-12,2026-08-12,1,1,historical-causal
KIAH,open-meteo,gfs_global,Live,1,1,2026-08-10,2026-08-10,1,1,historical-causal
KIAH,open-meteo,icon_global,D-1,1,1,2026-08-11,2026-08-11,0,1,unavailable
KIAH,open-meteo,icon_global,D-2+,1,1,2026-08-12,2026-08-12,0,1,unavailable
KIAH,open-meteo,icon_global,Live,1,1,2026-08-10,2026-08-10,0,1,unavailable
KIAH,previous-runs,ecmwf_ifs025,D-1,365,365,2025-07-19,2026-07-18,0,365,reconstructed-research
KIAH,previous-runs,gfs_global,D-1,365,365,2025-07-19,2026-07-18,0,365,reconstructed-research
KIAH,previous-runs,icon_global,D-1,362,362,2025-07-19,2026-07-18,0,362,reconstructed-research
KLAX,open-meteo,ecmwf_ifs025,D-1,1,1,2026-08-11,2026-08-11,1,1,historical-causal
KLAX,open-meteo,ecmwf_ifs025,D-2+,1,1,2026-08-12,2026-08-12,1,1,historical-causal
KLAX,open-meteo,ecmwf_ifs025,D0-morning,1,1,2026-08-09,2026-08-09,1,1,historical-causal
KLAX,open-meteo,ecmwf_ifs025,Live,1,1,2026-08-10,2026-08-10,1,1,historical-causal
KLAX,open-meteo,gfs_global,D-1,1,1,2026-08-11,2026-08-11,1,1,historical-causal
KLAX,open-meteo,gfs_global,D-2+,1,1,2026-08-12,2026-08-12,1,1,historical-causal
KLAX,open-meteo,gfs_global,D0-morning,1,1,2026-08-09,2026-08-09,1,1,historical-causal
KLAX,open-meteo,gfs_global,Live,1,1,2026-08-10,2026-08-10,1,1,historical-causal
KLAX,open-meteo,icon_global,D-1,1,1,2026-08-11,2026-08-11,1,1,historical-causal
KLAX,open-meteo,icon_global,D-2+,1,1,2026-08-12,2026-08-12,1,1,historical-causal
KLAX,open-meteo,icon_global,D0-morning,1,1,2026-08-09,2026-08-09,1,1,historical-causal
KLAX,open-meteo,icon_global,Live,1,1,2026-08-10,2026-08-10,1,1,historical-causal
KLAX,previous-runs,ecmwf_ifs025,D-1,365,365,2025-07-19,2026-07-18,0,365,reconstructed-research
KLAX,previous-runs,gfs_global,D-1,365,365,2025-07-19,2026-07-18,0,365,reconstructed-research
KLAX,previous-runs,icon_global,D-1,363,363,2025-07-19,2026-07-18,0,363,reconstructed-research
KMIA,open-meteo,ecmwf_ifs025,D-1,3,3,2026-07-27,2026-08-11,1,3,historical-causal
KMIA,open-meteo,ecmwf_ifs025,D-2+,3,3,2026-07-28,2026-08-12,1,3,historical-causal
KMIA,open-meteo,ecmwf_ifs025,Live,6,6,2026-07-24,2026-08-10,1,6,historical-causal
KMIA,open-meteo,gfs_global,D-1,3,3,2026-07-27,2026-08-11,1,3,historical-causal
KMIA,open-meteo,gfs_global,D-2+,3,3,2026-07-28,2026-08-12,1,3,historical-causal
KMIA,open-meteo,gfs_global,Live,6,6,2026-07-24,2026-08-10,1,6,historical-causal
KMIA,open-meteo,icon_global,D-1,3,3,2026-07-27,2026-08-11,1,3,historical-causal
KMIA,open-meteo,icon_global,D-2+,3,3,2026-07-28,2026-08-12,1,3,historical-causal
KMIA,open-meteo,icon_global,Live,6,6,2026-07-24,2026-08-10,1,6,historical-causal
KMIA,previous-runs,ecmwf_ifs025,D-1,365,365,2025-07-19,2026-07-18,0,365,reconstructed-research
KMIA,previous-runs,gfs_global,D-1,365,365,2025-07-19,2026-07-18,0,365,reconstructed-research
KMIA,previous-runs,icon_global,D-1,362,362,2025-07-19,2026-07-18,0,362,reconstructed-research
KNYC,open-meteo,ecmwf_ifs025,D-1,3,3,2026-07-27,2026-08-11,1,3,historical-causal
KNYC,open-meteo,ecmwf_ifs025,D-2+,3,3,2026-07-28,2026-08-12,1,3,historical-causal
KNYC,open-meteo,ecmwf_ifs025,Live,6,6,2026-07-24,2026-08-10,1,6,historical-causal
KNYC,open-meteo,gfs_global,D-1,3,3,2026-07-27,2026-08-11,1,3,historical-causal
KNYC,open-meteo,gfs_global,D-2+,3,3,2026-07-28,2026-08-12,1,3,historical-causal
KNYC,open-meteo,gfs_global,Live,6,6,2026-07-24,2026-08-10,1,6,historical-causal
KNYC,open-meteo,icon_global,D-1,3,3,2026-07-27,2026-08-11,1,3,historical-causal
KNYC,open-meteo,icon_global,D-2+,3,3,2026-07-28,2026-08-12,1,3,historical-causal
KNYC,open-meteo,icon_global,Live,6,6,2026-07-24,2026-08-10,1,6,historical-causal
KNYC,previous-runs,ecmwf_ifs025,D-1,365,365,2025-07-19,2026-07-18,0,365,reconstructed-research
KNYC,previous-runs,gfs_global,D-1,365,365,2025-07-19,2026-07-18,0,365,reconstructed-research
KNYC,previous-runs,icon_global,D-1,362,362,2025-07-19,2026-07-18,0,362,reconstructed-research
KORD,open-meteo,ecmwf_ifs025,D-1,1,1,2026-08-11,2026-08-11,0,1,unavailable
KORD,open-meteo,ecmwf_ifs025,D-2+,1,1,2026-08-12,2026-08-12,0,1,unavailable
KORD,open-meteo,ecmwf_ifs025,Live,1,1,2026-08-10,2026-08-10,0,1,unavailable
KORD,open-meteo,gfs_global,D-1,1,1,2026-08-11,2026-08-11,1,1,historical-causal
KORD,open-meteo,gfs_global,D-2+,1,1,2026-08-12,2026-08-12,1,1,historical-causal
KORD,open-meteo,gfs_global,Live,1,1,2026-08-10,2026-08-10,1,1,historical-causal
KORD,open-meteo,icon_global,D-1,1,1,2026-08-11,2026-08-11,1,1,historical-causal
KORD,open-meteo,icon_global,D-2+,1,1,2026-08-12,2026-08-12,1,1,historical-causal
KORD,open-meteo,icon_global,Live,1,1,2026-08-10,2026-08-10,1,1,historical-causal
KORD,previous-runs,ecmwf_ifs025,D-1,365,365,2025-07-19,2026-07-18,0,365,reconstructed-research
KORD,previous-runs,gfs_global,D-1,365,365,2025-07-19,2026-07-18,0,365,reconstructed-research
KORD,previous-runs,icon_global,D-1,362,362,2025-07-19,2026-07-18,0,362,reconstructed-research
KSEA,open-meteo,ecmwf_ifs025,D-1,1,1,2026-08-11,2026-08-11,1,1,historical-causal
KSEA,open-meteo,ecmwf_ifs025,D-2+,1,1,2026-08-12,2026-08-12,1,1,historical-causal
KSEA,open-meteo,ecmwf_ifs025,D0-morning,1,1,2026-08-09,2026-08-09,1,1,historical-causal
KSEA,open-meteo,ecmwf_ifs025,Live,1,1,2026-08-10,2026-08-10,1,1,historical-causal
KSEA,open-meteo,gfs_global,D-1,1,1,2026-08-11,2026-08-11,1,1,historical-causal
KSEA,open-meteo,gfs_global,D-2+,1,1,2026-08-12,2026-08-12,1,1,historical-causal
KSEA,open-meteo,gfs_global,D0-morning,1,1,2026-08-09,2026-08-09,1,1,historical-causal
KSEA,open-meteo,gfs_global,Live,1,1,2026-08-10,2026-08-10,1,1,historical-causal
KSEA,open-meteo,icon_global,D-1,1,1,2026-08-11,2026-08-11,1,1,historical-causal
KSEA,open-meteo,icon_global,D-2+,1,1,2026-08-12,2026-08-12,1,1,historical-causal
KSEA,open-meteo,icon_global,D0-morning,1,1,2026-08-09,2026-08-09,1,1,historical-causal
KSEA,open-meteo,icon_global,Live,1,1,2026-08-10,2026-08-10,1,1,historical-causal
KSEA,previous-runs,ecmwf_ifs025,D-1,365,365,2025-07-19,2026-07-18,0,365,reconstructed-research
KSEA,previous-runs,gfs_global,D-1,365,365,2025-07-19,2026-07-18,0,365,reconstructed-research
KSEA,previous-runs,icon_global,D-1,363,363,2025-07-19,2026-07-18,0,363,reconstructed-research
KSFO,open-meteo,ecmwf_ifs025,D-1,1,1,2026-08-11,2026-08-11,1,1,historical-causal
KSFO,open-meteo,ecmwf_ifs025,D-2+,1,1,2026-08-12,2026-08-12,1,1,historical-causal
KSFO,open-meteo,ecmwf_ifs025,D0-morning,1,1,2026-08-09,2026-08-09,1,1,historical-causal
KSFO,open-meteo,ecmwf_ifs025,Live,1,1,2026-08-10,2026-08-10,1,1,historical-causal
KSFO,open-meteo,gfs_global,D-1,1,1,2026-08-11,2026-08-11,1,1,historical-causal
KSFO,open-meteo,gfs_global,D-2+,1,1,2026-08-12,2026-08-12,1,1,historical-causal
KSFO,open-meteo,gfs_global,D0-morning,1,1,2026-08-09,2026-08-09,1,1,historical-causal
KSFO,open-meteo,gfs_global,Live,1,1,2026-08-10,2026-08-10,1,1,historical-causal
KSFO,open-meteo,icon_global,D-1,1,1,2026-08-11,2026-08-11,1,1,historical-causal
KSFO,open-meteo,icon_global,D-2+,1,1,2026-08-12,2026-08-12,1,1,historical-causal
KSFO,open-meteo,icon_global,D0-morning,1,1,2026-08-09,2026-08-09,1,1,historical-causal
KSFO,open-meteo,icon_global,Live,1,1,2026-08-10,2026-08-10,1,1,historical-causal
KSFO,previous-runs,ecmwf_ifs025,D-1,365,365,2025-07-19,2026-07-18,0,365,reconstructed-research
KSFO,previous-runs,gfs_global,D-1,365,365,2025-07-19,2026-07-18,0,365,reconstructed-research
KSFO,previous-runs,icon_global,D-1,363,363,2025-07-19,2026-07-18,0,363,reconstructed-research
LEMD,historical-forecast,ecmwf_ifs025,Legacy,365,365,2025-07-14,2026-07-13,0,0,reconstructed-research
LEMD,historical-forecast,gfs_global,Legacy,365,365,2025-07-14,2026-07-13,0,0,reconstructed-research
LEMD,historical-forecast,icon_eu,Legacy,365,365,2025-07-14,2026-07-13,0,0,reconstructed-research
LEMD,historical-forecast,icon_global,Legacy,365,365,2025-07-14,2026-07-13,0,0,reconstructed-research
LEMD,historical-forecast,meteofrance_arome_france,Legacy,365,365,2025-07-14,2026-07-13,0,0,reconstructed-research
LEMD,historical-forecast,meteofrance_arome_france_hd,Legacy,365,365,2025-07-14,2026-07-13,0,0,reconstructed-research
LEMD,historical-forecast,meteofrance_arpege_europe,Legacy,365,365,2025-07-14,2026-07-13,0,0,reconstructed-research
LEMD,historical-forecast,ukmo_global_deterministic_10km,Legacy,365,365,2025-07-14,2026-07-13,0,0,reconstructed-research
LEMD,meteoblue,meteoblue,D-1,25,4,2026-08-12,2026-08-15,25,25,historical-causal
LEMD,meteoblue,meteoblue,D-2+,125,8,2026-08-13,2026-08-20,125,125,historical-causal
LEMD,meteoblue,meteoblue,D0-morning,10,3,2026-08-12,2026-08-14,10,10,historical-causal
LEMD,meteoblue,meteoblue,Live,38,27,2026-07-19,2026-08-14,33,33,historical-causal
LEMD,open-meteo,ecmwf_ifs025,D-1,35,4,2026-08-12,2026-08-15,35,35,historical-causal
LEMD,open-meteo,ecmwf_ifs025,D-2+,35,4,2026-08-13,2026-08-16,35,35,historical-causal
LEMD,open-meteo,ecmwf_ifs025,D0-morning,10,3,2026-08-12,2026-08-14,10,10,historical-causal
LEMD,open-meteo,ecmwf_ifs025,Live,48,27,2026-07-19,2026-08-14,32,44,historical-causal
LEMD,open-meteo,gfs_global,D-1,35,4,2026-08-12,2026-08-15,35,35,historical-causal
LEMD,open-meteo,gfs_global,D-2+,35,4,2026-08-13,2026-08-16,35,35,historical-causal
LEMD,open-meteo,gfs_global,D0-morning,10,3,2026-08-12,2026-08-14,10,10,historical-causal
LEMD,open-meteo,gfs_global,Live,48,27,2026-07-19,2026-08-14,32,44,historical-causal
LEMD,open-meteo,icon_eu,D-1,26,4,2026-08-12,2026-08-15,17,26,historical-causal
LEMD,open-meteo,icon_eu,D-2+,26,4,2026-08-13,2026-08-16,17,26,historical-causal
LEMD,open-meteo,icon_eu,D0-morning,4,3,2026-08-12,2026-08-14,3,4,historical-causal
LEMD,open-meteo,icon_eu,Live,45,27,2026-07-19,2026-08-14,17,41,historical-causal
LEMD,open-meteo,icon_global,D-1,35,4,2026-08-12,2026-08-15,35,35,historical-causal
LEMD,open-meteo,icon_global,D-2+,35,4,2026-08-13,2026-08-16,35,35,historical-causal
LEMD,open-meteo,icon_global,D0-morning,10,3,2026-08-12,2026-08-14,10,10,historical-causal
LEMD,open-meteo,icon_global,Live,48,27,2026-07-19,2026-08-14,32,44,historical-causal
LEMD,open-meteo,meteofrance_arome_france,D-1,26,4,2026-08-12,2026-08-15,26,26,historical-causal
LEMD,open-meteo,meteofrance_arome_france,D0-morning,4,3,2026-08-12,2026-08-14,4,4,historical-causal
LEMD,open-meteo,meteofrance_arome_france,Live,45,27,2026-07-19,2026-08-14,29,40,historical-causal
LEMD,open-meteo,meteofrance_arome_france_hd,D-1,26,4,2026-08-12,2026-08-15,22,26,historical-causal
LEMD,open-meteo,meteofrance_arome_france_hd,D0-morning,4,3,2026-08-12,2026-08-14,4,4,historical-causal
LEMD,open-meteo,meteofrance_arome_france_hd,Live,45,27,2026-07-19,2026-08-14,25,40,historical-causal
LEMD,open-meteo,meteofrance_arpege_europe,D-1,26,4,2026-08-12,2026-08-15,26,26,historical-causal
LEMD,open-meteo,meteofrance_arpege_europe,D-2+,26,4,2026-08-13,2026-08-16,26,26,historical-causal
LEMD,open-meteo,meteofrance_arpege_europe,D0-morning,4,3,2026-08-12,2026-08-14,4,4,historical-causal
LEMD,open-meteo,meteofrance_arpege_europe,Live,45,27,2026-07-19,2026-08-14,29,40,historical-causal
LEMD,open-meteo,ukmo_global_deterministic_10km,D-1,26,4,2026-08-12,2026-08-15,23,26,historical-causal
LEMD,open-meteo,ukmo_global_deterministic_10km,D-2+,26,4,2026-08-13,2026-08-16,23,26,historical-causal
LEMD,open-meteo,ukmo_global_deterministic_10km,D0-morning,4,3,2026-08-12,2026-08-14,3,4,historical-causal
LEMD,open-meteo,ukmo_global_deterministic_10km,Live,45,27,2026-07-19,2026-08-14,27,41,historical-causal
LEMD,previous-runs,ecmwf_ifs025,D-1,370,370,2025-07-14,2026-07-18,0,365,reconstructed-research
LEMD,previous-runs,gfs_global,D-1,370,370,2025-07-14,2026-07-18,0,365,reconstructed-research
LEMD,previous-runs,icon_eu,D-1,370,370,2025-07-14,2026-07-18,0,365,reconstructed-research
LEMD,previous-runs,icon_global,D-1,368,368,2025-07-14,2026-07-18,0,363,reconstructed-research
LEMD,previous-runs,meteofrance_arome_france,D-1,370,370,2025-07-14,2026-07-18,0,365,reconstructed-research
LEMD,previous-runs,meteofrance_arome_france_hd,D-1,367,367,2025-07-14,2026-07-18,0,362,reconstructed-research
LEMD,previous-runs,meteofrance_arpege_europe,D-1,370,370,2025-07-14,2026-07-18,0,365,reconstructed-research
LEMD,previous-runs,ukmo_global_deterministic_10km,D-1,334,334,2025-07-20,2026-07-18,0,334,reconstructed-research
LFPG,open-meteo,ecmwf_ifs025,D-1,1,1,2026-08-12,2026-08-12,0,1,unavailable
LFPG,open-meteo,ecmwf_ifs025,D-2+,1,1,2026-08-13,2026-08-13,0,1,unavailable
LFPG,open-meteo,ecmwf_ifs025,D0-morning,1,1,2026-08-11,2026-08-11,0,1,unavailable
LFPG,open-meteo,ecmwf_ifs025,Live,2,2,2026-08-09,2026-08-10,2,2,historical-causal
LFPG,open-meteo,gfs_global,D-1,1,1,2026-08-12,2026-08-12,0,1,unavailable
LFPG,open-meteo,gfs_global,D-2+,1,1,2026-08-13,2026-08-13,0,1,unavailable
LFPG,open-meteo,gfs_global,D0-morning,1,1,2026-08-11,2026-08-11,0,1,unavailable
LFPG,open-meteo,gfs_global,Live,2,2,2026-08-09,2026-08-10,1,2,historical-causal
LFPG,open-meteo,icon_global,D-1,1,1,2026-08-12,2026-08-12,1,1,historical-causal
LFPG,open-meteo,icon_global,D-2+,1,1,2026-08-13,2026-08-13,1,1,historical-causal
LFPG,open-meteo,icon_global,D0-morning,1,1,2026-08-11,2026-08-11,1,1,historical-causal
LFPG,open-meteo,icon_global,Live,2,2,2026-08-09,2026-08-10,2,2,historical-causal
LFPG,previous-runs,ecmwf_ifs025,D-1,365,365,2025-07-19,2026-07-18,0,365,reconstructed-research
LFPG,previous-runs,gfs_global,D-1,365,365,2025-07-19,2026-07-18,0,365,reconstructed-research
LFPG,previous-runs,icon_global,D-1,363,363,2025-07-19,2026-07-18,0,363,reconstructed-research
LIMC,open-meteo,ecmwf_ifs025,D-1,1,1,2026-08-12,2026-08-12,1,1,historical-causal
LIMC,open-meteo,ecmwf_ifs025,D-2+,1,1,2026-08-13,2026-08-13,1,1,historical-causal
LIMC,open-meteo,ecmwf_ifs025,D0-morning,1,1,2026-08-11,2026-08-11,1,1,historical-causal
LIMC,open-meteo,ecmwf_ifs025,Live,2,2,2026-08-09,2026-08-10,2,2,historical-causal
LIMC,open-meteo,gfs_global,D-1,1,1,2026-08-12,2026-08-12,1,1,historical-causal
LIMC,open-meteo,gfs_global,D-2+,1,1,2026-08-13,2026-08-13,1,1,historical-causal
LIMC,open-meteo,gfs_global,D0-morning,1,1,2026-08-11,2026-08-11,1,1,historical-causal
LIMC,open-meteo,gfs_global,Live,2,2,2026-08-09,2026-08-10,2,2,historical-causal
LIMC,open-meteo,icon_global,D-1,1,1,2026-08-12,2026-08-12,1,1,historical-causal
LIMC,open-meteo,icon_global,D-2+,1,1,2026-08-13,2026-08-13,1,1,historical-causal
LIMC,open-meteo,icon_global,D0-morning,1,1,2026-08-11,2026-08-11,1,1,historical-causal
LIMC,open-meteo,icon_global,Live,2,2,2026-08-09,2026-08-10,2,2,historical-causal
LIMC,previous-runs,ecmwf_ifs025,D-1,365,365,2025-07-19,2026-07-18,0,365,reconstructed-research
LIMC,previous-runs,gfs_global,D-1,365,365,2025-07-19,2026-07-18,0,365,reconstructed-research
LIMC,previous-runs,icon_global,D-1,363,363,2025-07-19,2026-07-18,0,363,reconstructed-research
LLBG,open-meteo,ecmwf_ifs025,D-1,1,1,2026-08-12,2026-08-12,1,1,historical-causal
LLBG,open-meteo,ecmwf_ifs025,D-2+,1,1,2026-08-13,2026-08-13,1,1,historical-causal
LLBG,open-meteo,ecmwf_ifs025,D0-morning,1,1,2026-08-11,2026-08-11,1,1,historical-causal
LLBG,open-meteo,ecmwf_ifs025,Live,2,2,2026-08-09,2026-08-10,1,2,historical-causal
LLBG,open-meteo,gfs_global,D-1,1,1,2026-08-12,2026-08-12,1,1,historical-causal
LLBG,open-meteo,gfs_global,D-2+,1,1,2026-08-13,2026-08-13,1,1,historical-causal
LLBG,open-meteo,gfs_global,D0-morning,1,1,2026-08-11,2026-08-11,1,1,historical-causal
LLBG,open-meteo,gfs_global,Live,2,2,2026-08-09,2026-08-10,1,2,historical-causal
LLBG,open-meteo,icon_global,D-1,1,1,2026-08-12,2026-08-12,0,1,unavailable
LLBG,open-meteo,icon_global,D-2+,1,1,2026-08-13,2026-08-13,0,1,unavailable
LLBG,open-meteo,icon_global,D0-morning,1,1,2026-08-11,2026-08-11,0,1,unavailable
LLBG,open-meteo,icon_global,Live,2,2,2026-08-09,2026-08-10,2,2,historical-causal
LLBG,previous-runs,ecmwf_ifs025,D-1,365,365,2025-07-19,2026-07-18,0,365,reconstructed-research
LLBG,previous-runs,gfs_global,D-1,365,365,2025-07-19,2026-07-18,0,365,reconstructed-research
LLBG,previous-runs,icon_global,D-1,363,363,2025-07-19,2026-07-18,0,363,reconstructed-research
LTAC,historical-forecast,ecmwf_ifs025,Legacy,365,365,2025-07-14,2026-07-13,0,0,reconstructed-research
LTAC,historical-forecast,gfs_global,Legacy,365,365,2025-07-14,2026-07-13,0,0,reconstructed-research
LTAC,historical-forecast,icon_global,Legacy,365,365,2025-07-14,2026-07-13,0,0,reconstructed-research
LTAC,historical-forecast,meteofrance_arpege_europe,Legacy,365,365,2025-07-14,2026-07-13,0,0,reconstructed-research
LTAC,historical-forecast,ukmo_global_deterministic_10km,Legacy,365,365,2025-07-14,2026-07-13,0,0,reconstructed-research
LTAC,meteoblue,meteoblue,D-1,20,3,2026-08-13,2026-08-15,20,20,historical-causal
LTAC,meteoblue,meteoblue,D-2+,100,7,2026-08-14,2026-08-20,100,100,historical-causal
LTAC,meteoblue,meteoblue,D0-morning,9,3,2026-08-12,2026-08-14,9,9,historical-causal
LTAC,meteoblue,meteoblue,Live,35,27,2026-07-19,2026-08-14,30,30,historical-causal
LTAC,open-meteo,ecmwf_ifs025,D-1,35,3,2026-08-13,2026-08-15,25,35,historical-causal
LTAC,open-meteo,ecmwf_ifs025,D-2+,35,3,2026-08-14,2026-08-16,25,35,historical-causal
LTAC,open-meteo,ecmwf_ifs025,D0-morning,13,3,2026-08-12,2026-08-14,8,13,historical-causal
LTAC,open-meteo,ecmwf_ifs025,Live,46,27,2026-07-19,2026-08-14,22,41,historical-causal
LTAC,open-meteo,gfs_global,D-1,35,3,2026-08-13,2026-08-15,27,35,historical-causal
LTAC,open-meteo,gfs_global,D-2+,35,3,2026-08-14,2026-08-16,27,35,historical-causal
LTAC,open-meteo,gfs_global,D0-morning,12,3,2026-08-12,2026-08-14,9,12,historical-causal
LTAC,open-meteo,gfs_global,Live,47,27,2026-07-19,2026-08-14,24,42,historical-causal
LTAC,open-meteo,icon_global,D-1,35,3,2026-08-13,2026-08-15,34,35,historical-causal
LTAC,open-meteo,icon_global,D-2+,35,3,2026-08-14,2026-08-16,34,35,historical-causal
LTAC,open-meteo,icon_global,D0-morning,12,3,2026-08-12,2026-08-14,12,12,historical-causal
LTAC,open-meteo,icon_global,Live,47,27,2026-07-19,2026-08-14,29,42,historical-causal
LTAC,open-meteo,meteofrance_arpege_europe,D-1,29,3,2026-08-13,2026-08-15,25,29,historical-causal
LTAC,open-meteo,meteofrance_arpege_europe,D-2+,29,3,2026-08-14,2026-08-16,25,29,historical-causal
LTAC,open-meteo,meteofrance_arpege_europe,D0-morning,9,3,2026-08-12,2026-08-14,7,9,historical-causal
LTAC,open-meteo,meteofrance_arpege_europe,Live,44,27,2026-07-19,2026-08-14,25,39,historical-causal
LTAC,open-meteo,ukmo_global_deterministic_10km,D-1,29,3,2026-08-13,2026-08-15,27,29,historical-causal
LTAC,open-meteo,ukmo_global_deterministic_10km,D-2+,29,3,2026-08-14,2026-08-16,27,29,historical-causal
LTAC,open-meteo,ukmo_global_deterministic_10km,D0-morning,9,3,2026-08-12,2026-08-14,8,9,historical-causal
LTAC,open-meteo,ukmo_global_deterministic_10km,Live,44,27,2026-07-19,2026-08-14,27,39,historical-causal
LTAC,previous-runs,ecmwf_ifs025,D-1,370,370,2025-07-14,2026-07-18,0,365,reconstructed-research
LTAC,previous-runs,gfs_global,D-1,370,370,2025-07-14,2026-07-18,0,365,reconstructed-research
LTAC,previous-runs,icon_global,D-1,368,368,2025-07-14,2026-07-18,0,363,reconstructed-research
LTAC,previous-runs,meteofrance_arpege_europe,D-1,370,370,2025-07-14,2026-07-18,0,365,reconstructed-research
LTAC,previous-runs,ukmo_global_deterministic_10km,D-1,334,334,2025-07-20,2026-07-18,0,334,reconstructed-research
LTFM,meteoblue,meteoblue,D-1,19,3,2026-08-13,2026-08-15,19,19,historical-causal
LTFM,meteoblue,meteoblue,D-2+,95,7,2026-08-14,2026-08-20,95,95,historical-causal
LTFM,meteoblue,meteoblue,D0-morning,8,3,2026-08-12,2026-08-14,8,8,historical-causal
LTFM,meteoblue,meteoblue,Live,27,19,2026-07-27,2026-08-14,27,27,historical-causal
LTFM,open-meteo,ecmwf_ifs025,D-1,32,3,2026-08-13,2026-08-15,23,32,historical-causal
LTFM,open-meteo,ecmwf_ifs025,D-2+,32,3,2026-08-14,2026-08-16,23,32,historical-causal
LTFM,open-meteo,ecmwf_ifs025,D0-morning,12,3,2026-08-12,2026-08-14,8,12,historical-causal
LTFM,open-meteo,ecmwf_ifs025,Live,36,19,2026-07-27,2026-08-14,18,36,historical-causal
LTFM,open-meteo,gfs_global,D-1,32,3,2026-08-13,2026-08-15,23,32,historical-causal
LTFM,open-meteo,gfs_global,D-2+,32,3,2026-08-14,2026-08-16,23,32,historical-causal
LTFM,open-meteo,gfs_global,D0-morning,11,3,2026-08-12,2026-08-14,8,11,historical-causal
LTFM,open-meteo,gfs_global,Live,37,19,2026-07-27,2026-08-14,20,37,historical-causal
LTFM,open-meteo,icon_global,D-1,32,3,2026-08-13,2026-08-15,27,32,historical-causal
LTFM,open-meteo,icon_global,D-2+,32,3,2026-08-14,2026-08-16,27,32,historical-causal
LTFM,open-meteo,icon_global,D0-morning,11,3,2026-08-12,2026-08-14,11,11,historical-causal
LTFM,open-meteo,icon_global,Live,37,19,2026-07-27,2026-08-14,23,37,historical-causal
LTFM,open-meteo,meteofrance_arpege_europe,D-1,26,3,2026-08-13,2026-08-15,25,26,historical-causal
LTFM,open-meteo,meteofrance_arpege_europe,D-2+,26,3,2026-08-14,2026-08-16,25,26,historical-causal
LTFM,open-meteo,meteofrance_arpege_europe,D0-morning,8,3,2026-08-12,2026-08-14,7,8,historical-causal
LTFM,open-meteo,meteofrance_arpege_europe,Live,34,19,2026-07-27,2026-08-14,24,34,historical-causal
LTFM,open-meteo,ukmo_global_deterministic_10km,D-1,26,3,2026-08-13,2026-08-15,23,26,historical-causal
LTFM,open-meteo,ukmo_global_deterministic_10km,D-2+,26,3,2026-08-14,2026-08-16,23,26,historical-causal
LTFM,open-meteo,ukmo_global_deterministic_10km,D0-morning,8,3,2026-08-12,2026-08-14,8,8,historical-causal
LTFM,open-meteo,ukmo_global_deterministic_10km,Live,34,19,2026-07-27,2026-08-14,23,34,historical-causal
LTFM,previous-runs,ecmwf_ifs025,D-1,368,368,2025-07-19,2026-07-21,0,368,reconstructed-research
LTFM,previous-runs,gfs_global,D-1,368,368,2025-07-19,2026-07-21,0,368,reconstructed-research
LTFM,previous-runs,icon_global,D-1,366,366,2025-07-19,2026-07-21,0,366,reconstructed-research
LTFM,previous-runs,meteofrance_arpege_europe,D-1,365,365,2025-07-22,2026-07-21,0,365,reconstructed-research
LTFM,previous-runs,ukmo_global_deterministic_10km,D-1,335,335,2025-07-22,2026-07-21,0,335,reconstructed-research
MMMX,open-meteo,ecmwf_ifs025,D-1,1,1,2026-08-10,2026-08-10,1,1,historical-causal
MMMX,open-meteo,ecmwf_ifs025,D-2+,1,1,2026-08-11,2026-08-11,1,1,historical-causal
MMMX,open-meteo,ecmwf_ifs025,D0-morning,1,1,2026-08-09,2026-08-09,1,1,historical-causal
MMMX,open-meteo,gfs_global,D-1,1,1,2026-08-10,2026-08-10,1,1,historical-causal
MMMX,open-meteo,gfs_global,D-2+,1,1,2026-08-11,2026-08-11,1,1,historical-causal
MMMX,open-meteo,gfs_global,D0-morning,1,1,2026-08-09,2026-08-09,1,1,historical-causal
MMMX,open-meteo,icon_global,D-1,1,1,2026-08-10,2026-08-10,1,1,historical-causal
MMMX,open-meteo,icon_global,D-2+,1,1,2026-08-11,2026-08-11,1,1,historical-causal
MMMX,open-meteo,icon_global,D0-morning,1,1,2026-08-09,2026-08-09,1,1,historical-causal
MMMX,previous-runs,ecmwf_ifs025,D-1,365,365,2025-07-19,2026-07-18,0,365,reconstructed-research
MMMX,previous-runs,gfs_global,D-1,365,365,2025-07-19,2026-07-18,0,365,reconstructed-research
MMMX,previous-runs,icon_global,D-1,362,362,2025-07-19,2026-07-18,0,362,reconstructed-research
MPTO,open-meteo,ecmwf_ifs025,D-1,1,1,2026-08-11,2026-08-11,1,1,historical-causal
MPTO,open-meteo,ecmwf_ifs025,D-2+,1,1,2026-08-12,2026-08-12,1,1,historical-causal
MPTO,open-meteo,ecmwf_ifs025,Live,1,1,2026-08-10,2026-08-10,1,1,historical-causal
MPTO,open-meteo,gfs_global,D-1,1,1,2026-08-11,2026-08-11,0,1,unavailable
MPTO,open-meteo,gfs_global,D-2+,1,1,2026-08-12,2026-08-12,0,1,unavailable
MPTO,open-meteo,gfs_global,Live,1,1,2026-08-10,2026-08-10,0,1,unavailable
MPTO,open-meteo,icon_global,D-1,1,1,2026-08-11,2026-08-11,1,1,historical-causal
MPTO,open-meteo,icon_global,D-2+,1,1,2026-08-12,2026-08-12,1,1,historical-causal
MPTO,open-meteo,icon_global,Live,1,1,2026-08-10,2026-08-10,1,1,historical-causal
MPTO,previous-runs,ecmwf_ifs025,D-1,365,365,2025-07-19,2026-07-18,0,365,reconstructed-research
MPTO,previous-runs,gfs_global,D-1,365,365,2025-07-19,2026-07-18,0,365,reconstructed-research
MPTO,previous-runs,icon_global,D-1,362,362,2025-07-19,2026-07-18,0,362,reconstructed-research
NZWN,open-meteo,ecmwf_ifs025,D-1,1,1,2026-08-12,2026-08-12,0,1,unavailable
NZWN,open-meteo,ecmwf_ifs025,D-2+,1,1,2026-08-13,2026-08-13,0,1,unavailable
NZWN,open-meteo,ecmwf_ifs025,D0-morning,1,1,2026-08-10,2026-08-10,1,1,historical-causal
NZWN,open-meteo,ecmwf_ifs025,Live,1,1,2026-08-11,2026-08-11,0,1,unavailable
NZWN,open-meteo,gfs_global,D-1,1,1,2026-08-12,2026-08-12,0,1,unavailable
NZWN,open-meteo,gfs_global,D-2+,1,1,2026-08-13,2026-08-13,0,1,unavailable
NZWN,open-meteo,gfs_global,D0-morning,1,1,2026-08-10,2026-08-10,1,1,historical-causal
NZWN,open-meteo,gfs_global,Live,1,1,2026-08-11,2026-08-11,0,1,unavailable
NZWN,open-meteo,icon_global,D-1,1,1,2026-08-12,2026-08-12,1,1,historical-causal
NZWN,open-meteo,icon_global,D-2+,1,1,2026-08-13,2026-08-13,1,1,historical-causal
NZWN,open-meteo,icon_global,D0-morning,1,1,2026-08-10,2026-08-10,1,1,historical-causal
NZWN,open-meteo,icon_global,Live,1,1,2026-08-11,2026-08-11,1,1,historical-causal
NZWN,previous-runs,ecmwf_ifs025,D-1,365,365,2025-07-19,2026-07-18,0,365,reconstructed-research
NZWN,previous-runs,gfs_global,D-1,365,365,2025-07-19,2026-07-18,0,365,reconstructed-research
NZWN,previous-runs,icon_global,D-1,363,363,2025-07-19,2026-07-18,0,363,reconstructed-research
OEJN,open-meteo,ecmwf_ifs025,D-1,1,1,2026-08-12,2026-08-12,1,1,historical-causal
OEJN,open-meteo,ecmwf_ifs025,D-2+,1,1,2026-08-13,2026-08-13,1,1,historical-causal
OEJN,open-meteo,ecmwf_ifs025,D0-morning,1,1,2026-08-11,2026-08-11,1,1,historical-causal
OEJN,open-meteo,ecmwf_ifs025,Live,2,2,2026-08-09,2026-08-10,1,2,historical-causal
OEJN,open-meteo,gfs_global,D-1,1,1,2026-08-12,2026-08-12,1,1,historical-causal
OEJN,open-meteo,gfs_global,D-2+,1,1,2026-08-13,2026-08-13,1,1,historical-causal
OEJN,open-meteo,gfs_global,D0-morning,1,1,2026-08-11,2026-08-11,1,1,historical-causal
OEJN,open-meteo,gfs_global,Live,2,2,2026-08-09,2026-08-10,1,2,historical-causal
OEJN,open-meteo,icon_global,D-1,1,1,2026-08-12,2026-08-12,1,1,historical-causal
OEJN,open-meteo,icon_global,D-2+,1,1,2026-08-13,2026-08-13,1,1,historical-causal
OEJN,open-meteo,icon_global,D0-morning,1,1,2026-08-11,2026-08-11,1,1,historical-causal
OEJN,open-meteo,icon_global,Live,2,2,2026-08-09,2026-08-10,0,2,unavailable
OEJN,previous-runs,ecmwf_ifs025,D-1,365,365,2025-07-19,2026-07-18,0,365,reconstructed-research
OEJN,previous-runs,gfs_global,D-1,365,365,2025-07-19,2026-07-18,0,365,reconstructed-research
OEJN,previous-runs,icon_global,D-1,363,363,2025-07-19,2026-07-18,0,363,reconstructed-research
OPKC,open-meteo,ecmwf_ifs025,D-1,1,1,2026-08-12,2026-08-12,1,1,historical-causal
OPKC,open-meteo,ecmwf_ifs025,D-2+,1,1,2026-08-13,2026-08-13,1,1,historical-causal
OPKC,open-meteo,ecmwf_ifs025,D0-morning,2,2,2026-08-10,2026-08-11,2,2,historical-causal
OPKC,open-meteo,gfs_global,D-1,1,1,2026-08-12,2026-08-12,1,1,historical-causal
OPKC,open-meteo,gfs_global,D-2+,1,1,2026-08-13,2026-08-13,1,1,historical-causal
OPKC,open-meteo,gfs_global,D0-morning,2,2,2026-08-10,2026-08-11,2,2,historical-causal
OPKC,open-meteo,icon_global,D-1,1,1,2026-08-12,2026-08-12,1,1,historical-causal
OPKC,open-meteo,icon_global,D-2+,1,1,2026-08-13,2026-08-13,1,1,historical-causal
OPKC,open-meteo,icon_global,D0-morning,2,2,2026-08-10,2026-08-11,2,2,historical-causal
OPKC,previous-runs,ecmwf_ifs025,D-1,365,365,2025-07-19,2026-07-18,0,365,reconstructed-research
OPKC,previous-runs,gfs_global,D-1,365,365,2025-07-19,2026-07-18,0,365,reconstructed-research
OPKC,previous-runs,icon_global,D-1,363,363,2025-07-19,2026-07-18,0,363,reconstructed-research
RCTP,open-meteo,ecmwf_ifs025,D-1,1,1,2026-08-12,2026-08-12,1,1,historical-causal
RCTP,open-meteo,ecmwf_ifs025,D-2+,1,1,2026-08-13,2026-08-13,1,1,historical-causal
RCTP,open-meteo,ecmwf_ifs025,D0-morning,1,1,2026-08-11,2026-08-11,1,1,historical-causal
RCTP,open-meteo,gfs_global,D-1,1,1,2026-08-12,2026-08-12,1,1,historical-causal
RCTP,open-meteo,gfs_global,D-2+,1,1,2026-08-13,2026-08-13,1,1,historical-causal
RCTP,open-meteo,gfs_global,D0-morning,1,1,2026-08-11,2026-08-11,1,1,historical-causal
RCTP,open-meteo,icon_global,D-1,1,1,2026-08-12,2026-08-12,1,1,historical-causal
RCTP,open-meteo,icon_global,D-2+,1,1,2026-08-13,2026-08-13,1,1,historical-causal
RCTP,open-meteo,icon_global,D0-morning,1,1,2026-08-11,2026-08-11,1,1,historical-causal
RCTP,previous-runs,ecmwf_ifs025,D-1,365,365,2025-07-19,2026-07-18,0,365,reconstructed-research
RCTP,previous-runs,gfs_global,D-1,365,365,2025-07-19,2026-07-18,0,365,reconstructed-research
RCTP,previous-runs,icon_global,D-1,363,363,2025-07-19,2026-07-18,0,363,reconstructed-research
RJTT,open-meteo,ecmwf_ifs025,D-1,1,1,2026-08-12,2026-08-12,1,1,historical-causal
RJTT,open-meteo,ecmwf_ifs025,D-2+,1,1,2026-08-13,2026-08-13,1,1,historical-causal
RJTT,open-meteo,ecmwf_ifs025,D0-morning,2,2,2026-08-10,2026-08-11,2,2,historical-causal
RJTT,open-meteo,gfs_global,D-1,1,1,2026-08-12,2026-08-12,0,1,unavailable
RJTT,open-meteo,gfs_global,D-2+,1,1,2026-08-13,2026-08-13,0,1,unavailable
RJTT,open-meteo,gfs_global,D0-morning,2,2,2026-08-10,2026-08-11,1,2,historical-causal
RJTT,open-meteo,icon_global,D-1,1,1,2026-08-12,2026-08-12,1,1,historical-causal
RJTT,open-meteo,icon_global,D-2+,1,1,2026-08-13,2026-08-13,1,1,historical-causal
RJTT,open-meteo,icon_global,D0-morning,2,2,2026-08-10,2026-08-11,2,2,historical-causal
RJTT,previous-runs,ecmwf_ifs025,D-1,365,365,2025-07-19,2026-07-18,0,365,reconstructed-research
RJTT,previous-runs,gfs_global,D-1,365,365,2025-07-19,2026-07-18,0,365,reconstructed-research
RJTT,previous-runs,icon_global,D-1,363,363,2025-07-19,2026-07-18,0,363,reconstructed-research
RKPK,open-meteo,ecmwf_ifs025,D-1,1,1,2026-08-12,2026-08-12,1,1,historical-causal
RKPK,open-meteo,ecmwf_ifs025,D-2+,1,1,2026-08-13,2026-08-13,1,1,historical-causal
RKPK,open-meteo,ecmwf_ifs025,D0-morning,2,2,2026-08-10,2026-08-11,2,2,historical-causal
RKPK,open-meteo,gfs_global,D-1,1,1,2026-08-12,2026-08-12,1,1,historical-causal
RKPK,open-meteo,gfs_global,D-2+,1,1,2026-08-13,2026-08-13,1,1,historical-causal
RKPK,open-meteo,gfs_global,D0-morning,2,2,2026-08-10,2026-08-11,2,2,historical-causal
RKPK,open-meteo,icon_global,D-1,1,1,2026-08-12,2026-08-12,0,1,unavailable
RKPK,open-meteo,icon_global,D-2+,1,1,2026-08-13,2026-08-13,0,1,unavailable
RKPK,open-meteo,icon_global,D0-morning,2,2,2026-08-10,2026-08-11,1,2,historical-causal
RKPK,previous-runs,ecmwf_ifs025,D-1,365,365,2025-07-19,2026-07-18,0,365,reconstructed-research
RKPK,previous-runs,gfs_global,D-1,365,365,2025-07-19,2026-07-18,0,365,reconstructed-research
RKPK,previous-runs,icon_global,D-1,363,363,2025-07-19,2026-07-18,0,363,reconstructed-research
RKSI,open-meteo,ecmwf_ifs025,D-1,1,1,2026-08-12,2026-08-12,1,1,historical-causal
RKSI,open-meteo,ecmwf_ifs025,D-2+,1,1,2026-08-13,2026-08-13,1,1,historical-causal
RKSI,open-meteo,ecmwf_ifs025,D0-morning,2,2,2026-08-10,2026-08-11,2,2,historical-causal
RKSI,open-meteo,gfs_global,D-1,1,1,2026-08-12,2026-08-12,1,1,historical-causal
RKSI,open-meteo,gfs_global,D-2+,1,1,2026-08-13,2026-08-13,1,1,historical-causal
RKSI,open-meteo,gfs_global,D0-morning,2,2,2026-08-10,2026-08-11,2,2,historical-causal
RKSI,open-meteo,icon_global,D-1,1,1,2026-08-12,2026-08-12,1,1,historical-causal
RKSI,open-meteo,icon_global,D-2+,1,1,2026-08-13,2026-08-13,1,1,historical-causal
RKSI,open-meteo,icon_global,D0-morning,2,2,2026-08-10,2026-08-11,2,2,historical-causal
RKSI,previous-runs,ecmwf_ifs025,D-1,365,365,2025-07-19,2026-07-18,0,365,reconstructed-research
RKSI,previous-runs,gfs_global,D-1,365,365,2025-07-19,2026-07-18,0,365,reconstructed-research
RKSI,previous-runs,icon_global,D-1,363,363,2025-07-19,2026-07-18,0,363,reconstructed-research
RPLL,open-meteo,ecmwf_ifs025,D-1,1,1,2026-08-12,2026-08-12,1,1,historical-causal
RPLL,open-meteo,ecmwf_ifs025,D-2+,1,1,2026-08-13,2026-08-13,1,1,historical-causal
RPLL,open-meteo,ecmwf_ifs025,D0-morning,1,1,2026-08-11,2026-08-11,1,1,historical-causal
RPLL,open-meteo,gfs_global,D-1,1,1,2026-08-12,2026-08-12,1,1,historical-causal
RPLL,open-meteo,gfs_global,D-2+,1,1,2026-08-13,2026-08-13,1,1,historical-causal
RPLL,open-meteo,gfs_global,D0-morning,1,1,2026-08-11,2026-08-11,1,1,historical-causal
RPLL,open-meteo,icon_global,D-1,1,1,2026-08-12,2026-08-12,1,1,historical-causal
RPLL,open-meteo,icon_global,D-2+,1,1,2026-08-13,2026-08-13,1,1,historical-causal
RPLL,open-meteo,icon_global,D0-morning,1,1,2026-08-11,2026-08-11,1,1,historical-causal
RPLL,previous-runs,ecmwf_ifs025,D-1,365,365,2025-07-19,2026-07-18,0,365,reconstructed-research
RPLL,previous-runs,gfs_global,D-1,365,365,2025-07-19,2026-07-18,0,365,reconstructed-research
RPLL,previous-runs,icon_global,D-1,363,363,2025-07-19,2026-07-18,0,363,reconstructed-research
SAEZ,open-meteo,ecmwf_ifs025,D-1,3,3,2026-08-04,2026-08-12,2,3,historical-causal
SAEZ,open-meteo,ecmwf_ifs025,D-2+,2,2,2026-08-07,2026-08-13,2,2,historical-causal
SAEZ,open-meteo,ecmwf_ifs025,D0-morning,1,1,2026-08-11,2026-08-11,1,1,historical-causal
SAEZ,open-meteo,ecmwf_ifs025,Live,4,4,2026-08-03,2026-08-10,3,4,historical-causal
SAEZ,open-meteo,gfs_global,D-1,3,3,2026-08-04,2026-08-12,2,3,historical-causal
SAEZ,open-meteo,gfs_global,D-2+,2,2,2026-08-07,2026-08-13,2,2,historical-causal
SAEZ,open-meteo,gfs_global,D0-morning,1,1,2026-08-11,2026-08-11,1,1,historical-causal
SAEZ,open-meteo,gfs_global,Live,4,4,2026-08-03,2026-08-10,3,4,historical-causal
SAEZ,open-meteo,icon_global,D-1,3,3,2026-08-04,2026-08-12,2,3,historical-causal
SAEZ,open-meteo,icon_global,D-2+,2,2,2026-08-07,2026-08-13,2,2,historical-causal
SAEZ,open-meteo,icon_global,D0-morning,1,1,2026-08-11,2026-08-11,1,1,historical-causal
SAEZ,open-meteo,icon_global,Live,4,4,2026-08-03,2026-08-10,3,4,historical-causal
SAEZ,previous-runs,ecmwf_ifs025,D-1,365,365,2025-07-19,2026-07-18,0,365,reconstructed-research
SAEZ,previous-runs,gfs_global,D-1,365,365,2025-07-19,2026-07-18,0,365,reconstructed-research
SAEZ,previous-runs,icon_global,D-1,362,362,2025-07-19,2026-07-18,0,362,reconstructed-research
SBGR,open-meteo,ecmwf_ifs025,D-1,3,3,2026-08-04,2026-08-12,1,3,historical-causal
SBGR,open-meteo,ecmwf_ifs025,D-2+,2,2,2026-08-07,2026-08-13,1,2,historical-causal
SBGR,open-meteo,ecmwf_ifs025,D0-morning,1,1,2026-08-11,2026-08-11,1,1,historical-causal
SBGR,open-meteo,ecmwf_ifs025,Live,4,4,2026-08-03,2026-08-10,2,4,historical-causal
SBGR,open-meteo,gfs_global,D-1,3,3,2026-08-04,2026-08-12,2,3,historical-causal
SBGR,open-meteo,gfs_global,D-2+,2,2,2026-08-07,2026-08-13,2,2,historical-causal
SBGR,open-meteo,gfs_global,D0-morning,1,1,2026-08-11,2026-08-11,1,1,historical-causal
SBGR,open-meteo,gfs_global,Live,4,4,2026-08-03,2026-08-10,2,4,historical-causal
SBGR,open-meteo,icon_global,D-1,3,3,2026-08-04,2026-08-12,2,3,historical-causal
SBGR,open-meteo,icon_global,D-2+,2,2,2026-08-07,2026-08-13,2,2,historical-causal
SBGR,open-meteo,icon_global,D0-morning,1,1,2026-08-11,2026-08-11,1,1,historical-causal
SBGR,open-meteo,icon_global,Live,4,4,2026-08-03,2026-08-10,3,4,historical-causal
SBGR,previous-runs,ecmwf_ifs025,D-1,365,365,2025-07-19,2026-07-18,0,365,reconstructed-research
SBGR,previous-runs,gfs_global,D-1,365,365,2025-07-19,2026-07-18,0,365,reconstructed-research
SBGR,previous-runs,icon_global,D-1,362,362,2025-07-19,2026-07-18,0,362,reconstructed-research
UUEE,open-meteo,ecmwf_ifs025,D-1,1,1,2026-08-12,2026-08-12,0,1,unavailable
UUEE,open-meteo,ecmwf_ifs025,D-2+,1,1,2026-08-13,2026-08-13,0,1,unavailable
UUEE,open-meteo,ecmwf_ifs025,D0-morning,1,1,2026-08-11,2026-08-11,0,1,unavailable
UUEE,open-meteo,ecmwf_ifs025,Live,2,2,2026-08-09,2026-08-10,2,2,historical-causal
UUEE,open-meteo,gfs_global,D-1,1,1,2026-08-12,2026-08-12,1,1,historical-causal
UUEE,open-meteo,gfs_global,D-2+,1,1,2026-08-13,2026-08-13,1,1,historical-causal
UUEE,open-meteo,gfs_global,D0-morning,1,1,2026-08-11,2026-08-11,1,1,historical-causal
UUEE,open-meteo,gfs_global,Live,2,2,2026-08-09,2026-08-10,2,2,historical-causal
UUEE,open-meteo,icon_global,D-1,1,1,2026-08-12,2026-08-12,1,1,historical-causal
UUEE,open-meteo,icon_global,D-2+,1,1,2026-08-13,2026-08-13,1,1,historical-causal
UUEE,open-meteo,icon_global,D0-morning,1,1,2026-08-11,2026-08-11,1,1,historical-causal
UUEE,open-meteo,icon_global,Live,2,2,2026-08-09,2026-08-10,2,2,historical-causal
UUEE,previous-runs,ecmwf_ifs025,D-1,365,365,2025-07-19,2026-07-18,0,365,reconstructed-research
UUEE,previous-runs,gfs_global,D-1,365,365,2025-07-19,2026-07-18,0,365,reconstructed-research
UUEE,previous-runs,icon_global,D-1,363,363,2025-07-19,2026-07-18,0,363,reconstructed-research
VHHH,open-meteo,ecmwf_ifs025,D-1,1,1,2026-08-12,2026-08-12,1,1,historical-causal
VHHH,open-meteo,ecmwf_ifs025,D-2+,1,1,2026-08-13,2026-08-13,1,1,historical-causal
VHHH,open-meteo,ecmwf_ifs025,D0-morning,1,1,2026-08-11,2026-08-11,1,1,historical-causal
VHHH,open-meteo,gfs_global,D-1,1,1,2026-08-12,2026-08-12,1,1,historical-causal
VHHH,open-meteo,gfs_global,D-2+,1,1,2026-08-13,2026-08-13,1,1,historical-causal
VHHH,open-meteo,gfs_global,D0-morning,1,1,2026-08-11,2026-08-11,1,1,historical-causal
VHHH,open-meteo,icon_global,D-1,1,1,2026-08-12,2026-08-12,1,1,historical-causal
VHHH,open-meteo,icon_global,D-2+,1,1,2026-08-13,2026-08-13,1,1,historical-causal
VHHH,open-meteo,icon_global,D0-morning,1,1,2026-08-11,2026-08-11,1,1,historical-causal
VHHH,previous-runs,ecmwf_ifs025,D-1,365,365,2025-07-19,2026-07-18,0,365,reconstructed-research
VHHH,previous-runs,gfs_global,D-1,365,365,2025-07-19,2026-07-18,0,365,reconstructed-research
VHHH,previous-runs,icon_global,D-1,363,363,2025-07-19,2026-07-18,0,363,reconstructed-research
VILK,open-meteo,ecmwf_ifs025,D-1,1,1,2026-08-12,2026-08-12,1,1,historical-causal
VILK,open-meteo,ecmwf_ifs025,D-2+,1,1,2026-08-13,2026-08-13,1,1,historical-causal
VILK,open-meteo,ecmwf_ifs025,D0-morning,2,2,2026-08-10,2026-08-11,2,2,historical-causal
VILK,open-meteo,gfs_global,D-1,1,1,2026-08-12,2026-08-12,0,1,unavailable
VILK,open-meteo,gfs_global,D-2+,1,1,2026-08-13,2026-08-13,0,1,unavailable
VILK,open-meteo,gfs_global,D0-morning,2,2,2026-08-10,2026-08-11,1,2,historical-causal
VILK,open-meteo,icon_global,D-1,1,1,2026-08-12,2026-08-12,0,1,unavailable
VILK,open-meteo,icon_global,D-2+,1,1,2026-08-13,2026-08-13,0,1,unavailable
VILK,open-meteo,icon_global,D0-morning,2,2,2026-08-10,2026-08-11,1,2,historical-causal
VILK,previous-runs,ecmwf_ifs025,D-1,365,365,2025-07-19,2026-07-18,0,365,reconstructed-research
VILK,previous-runs,gfs_global,D-1,365,365,2025-07-19,2026-07-18,0,365,reconstructed-research
VILK,previous-runs,icon_global,D-1,363,363,2025-07-19,2026-07-18,0,363,reconstructed-research
WMKK,open-meteo,ecmwf_ifs025,D-1,1,1,2026-08-12,2026-08-12,1,1,historical-causal
WMKK,open-meteo,ecmwf_ifs025,D-2+,1,1,2026-08-13,2026-08-13,1,1,historical-causal
WMKK,open-meteo,ecmwf_ifs025,D0-morning,1,1,2026-08-11,2026-08-11,1,1,historical-causal
WMKK,open-meteo,gfs_global,D-1,1,1,2026-08-12,2026-08-12,1,1,historical-causal
WMKK,open-meteo,gfs_global,D-2+,1,1,2026-08-13,2026-08-13,1,1,historical-causal
WMKK,open-meteo,gfs_global,D0-morning,1,1,2026-08-11,2026-08-11,1,1,historical-causal
WMKK,open-meteo,icon_global,D-1,1,1,2026-08-12,2026-08-12,1,1,historical-causal
WMKK,open-meteo,icon_global,D-2+,1,1,2026-08-13,2026-08-13,1,1,historical-causal
WMKK,open-meteo,icon_global,D0-morning,1,1,2026-08-11,2026-08-11,1,1,historical-causal
WMKK,previous-runs,ecmwf_ifs025,D-1,365,365,2025-07-19,2026-07-18,0,365,reconstructed-research
WMKK,previous-runs,gfs_global,D-1,365,365,2025-07-19,2026-07-18,0,365,reconstructed-research
WMKK,previous-runs,icon_global,D-1,363,363,2025-07-19,2026-07-18,0,363,reconstructed-research
WSSS,open-meteo,ecmwf_ifs025,D-1,1,1,2026-08-12,2026-08-12,0,1,unavailable
WSSS,open-meteo,ecmwf_ifs025,D-2+,1,1,2026-08-13,2026-08-13,0,1,unavailable
WSSS,open-meteo,ecmwf_ifs025,D0-morning,1,1,2026-08-11,2026-08-11,0,1,unavailable
WSSS,open-meteo,gfs_global,D-1,1,1,2026-08-12,2026-08-12,1,1,historical-causal
WSSS,open-meteo,gfs_global,D-2+,1,1,2026-08-13,2026-08-13,1,1,historical-causal
WSSS,open-meteo,gfs_global,D0-morning,1,1,2026-08-11,2026-08-11,1,1,historical-causal
WSSS,open-meteo,icon_global,D-1,1,1,2026-08-12,2026-08-12,0,1,unavailable
WSSS,open-meteo,icon_global,D-2+,1,1,2026-08-13,2026-08-13,0,1,unavailable
WSSS,open-meteo,icon_global,D0-morning,1,1,2026-08-11,2026-08-11,0,1,unavailable
WSSS,previous-runs,ecmwf_ifs025,D-1,365,365,2025-07-19,2026-07-18,0,365,reconstructed-research
WSSS,previous-runs,gfs_global,D-1,365,365,2025-07-19,2026-07-18,0,365,reconstructed-research
WSSS,previous-runs,icon_global,D-1,363,363,2025-07-19,2026-07-18,0,363,reconstructed-research
ZBAA,open-meteo,ecmwf_ifs025,D-1,1,1,2026-08-12,2026-08-12,1,1,historical-causal
ZBAA,open-meteo,ecmwf_ifs025,D-2+,1,1,2026-08-13,2026-08-13,1,1,historical-causal
ZBAA,open-meteo,ecmwf_ifs025,D0-morning,1,1,2026-08-11,2026-08-11,1,1,historical-causal
ZBAA,open-meteo,gfs_global,D-1,1,1,2026-08-12,2026-08-12,0,1,unavailable
ZBAA,open-meteo,gfs_global,D-2+,1,1,2026-08-13,2026-08-13,0,1,unavailable
ZBAA,open-meteo,gfs_global,D0-morning,1,1,2026-08-11,2026-08-11,0,1,unavailable
ZBAA,open-meteo,icon_global,D-1,1,1,2026-08-12,2026-08-12,1,1,historical-causal
ZBAA,open-meteo,icon_global,D-2+,1,1,2026-08-13,2026-08-13,1,1,historical-causal
ZBAA,open-meteo,icon_global,D0-morning,1,1,2026-08-11,2026-08-11,1,1,historical-causal
ZBAA,previous-runs,ecmwf_ifs025,D-1,365,365,2025-07-19,2026-07-18,0,365,reconstructed-research
ZBAA,previous-runs,gfs_global,D-1,365,365,2025-07-19,2026-07-18,0,365,reconstructed-research
ZBAA,previous-runs,icon_global,D-1,363,363,2025-07-19,2026-07-18,0,363,reconstructed-research
ZGGG,open-meteo,ecmwf_ifs025,D-1,1,1,2026-08-12,2026-08-12,1,1,historical-causal
ZGGG,open-meteo,ecmwf_ifs025,D-2+,1,1,2026-08-13,2026-08-13,1,1,historical-causal
ZGGG,open-meteo,ecmwf_ifs025,D0-morning,1,1,2026-08-11,2026-08-11,1,1,historical-causal
ZGGG,open-meteo,gfs_global,D-1,1,1,2026-08-12,2026-08-12,1,1,historical-causal
ZGGG,open-meteo,gfs_global,D-2+,1,1,2026-08-13,2026-08-13,1,1,historical-causal
ZGGG,open-meteo,gfs_global,D0-morning,1,1,2026-08-11,2026-08-11,1,1,historical-causal
ZGGG,open-meteo,icon_global,D-1,1,1,2026-08-12,2026-08-12,1,1,historical-causal
ZGGG,open-meteo,icon_global,D-2+,1,1,2026-08-13,2026-08-13,1,1,historical-causal
ZGGG,open-meteo,icon_global,D0-morning,1,1,2026-08-11,2026-08-11,1,1,historical-causal
ZGGG,previous-runs,ecmwf_ifs025,D-1,365,365,2025-07-19,2026-07-18,0,365,reconstructed-research
ZGGG,previous-runs,gfs_global,D-1,365,365,2025-07-19,2026-07-18,0,365,reconstructed-research
ZGGG,previous-runs,icon_global,D-1,363,363,2025-07-19,2026-07-18,0,363,reconstructed-research
ZGSZ,open-meteo,ecmwf_ifs025,D-1,1,1,2026-08-12,2026-08-12,1,1,historical-causal
ZGSZ,open-meteo,ecmwf_ifs025,D-2+,1,1,2026-08-13,2026-08-13,1,1,historical-causal
ZGSZ,open-meteo,ecmwf_ifs025,D0-morning,1,1,2026-08-11,2026-08-11,1,1,historical-causal
ZGSZ,open-meteo,gfs_global,D-1,1,1,2026-08-12,2026-08-12,1,1,historical-causal
ZGSZ,open-meteo,gfs_global,D-2+,1,1,2026-08-13,2026-08-13,1,1,historical-causal
ZGSZ,open-meteo,gfs_global,D0-morning,1,1,2026-08-11,2026-08-11,1,1,historical-causal
ZGSZ,open-meteo,icon_global,D-1,1,1,2026-08-12,2026-08-12,1,1,historical-causal
ZGSZ,open-meteo,icon_global,D-2+,1,1,2026-08-13,2026-08-13,1,1,historical-causal
ZGSZ,open-meteo,icon_global,D0-morning,1,1,2026-08-11,2026-08-11,1,1,historical-causal
ZGSZ,previous-runs,ecmwf_ifs025,D-1,365,365,2025-07-19,2026-07-18,0,365,reconstructed-research
ZGSZ,previous-runs,gfs_global,D-1,365,365,2025-07-19,2026-07-18,0,365,reconstructed-research
ZGSZ,previous-runs,icon_global,D-1,363,363,2025-07-19,2026-07-18,0,363,reconstructed-research
ZHHH,open-meteo,ecmwf_ifs025,D-1,1,1,2026-08-12,2026-08-12,1,1,historical-causal
ZHHH,open-meteo,ecmwf_ifs025,D-2+,1,1,2026-08-13,2026-08-13,1,1,historical-causal
ZHHH,open-meteo,ecmwf_ifs025,D0-morning,1,1,2026-08-11,2026-08-11,1,1,historical-causal
ZHHH,open-meteo,gfs_global,D-1,1,1,2026-08-12,2026-08-12,1,1,historical-causal
ZHHH,open-meteo,gfs_global,D-2+,1,1,2026-08-13,2026-08-13,1,1,historical-causal
ZHHH,open-meteo,gfs_global,D0-morning,1,1,2026-08-11,2026-08-11,1,1,historical-causal
ZHHH,open-meteo,icon_global,D-1,1,1,2026-08-12,2026-08-12,1,1,historical-causal
ZHHH,open-meteo,icon_global,D-2+,1,1,2026-08-13,2026-08-13,1,1,historical-causal
ZHHH,open-meteo,icon_global,D0-morning,1,1,2026-08-11,2026-08-11,1,1,historical-causal
ZHHH,previous-runs,ecmwf_ifs025,D-1,365,365,2025-07-19,2026-07-18,0,365,reconstructed-research
ZHHH,previous-runs,gfs_global,D-1,365,365,2025-07-19,2026-07-18,0,365,reconstructed-research
ZHHH,previous-runs,icon_global,D-1,363,363,2025-07-19,2026-07-18,0,363,reconstructed-research
ZSPD,open-meteo,ecmwf_ifs025,D-1,1,1,2026-08-12,2026-08-12,1,1,historical-causal
ZSPD,open-meteo,ecmwf_ifs025,D-2+,1,1,2026-08-13,2026-08-13,1,1,historical-causal
ZSPD,open-meteo,ecmwf_ifs025,D0-morning,1,1,2026-08-11,2026-08-11,1,1,historical-causal
ZSPD,open-meteo,gfs_global,D-1,1,1,2026-08-12,2026-08-12,1,1,historical-causal
ZSPD,open-meteo,gfs_global,D-2+,1,1,2026-08-13,2026-08-13,1,1,historical-causal
ZSPD,open-meteo,gfs_global,D0-morning,1,1,2026-08-11,2026-08-11,1,1,historical-causal
ZSPD,open-meteo,icon_global,D-1,1,1,2026-08-12,2026-08-12,0,1,unavailable
ZSPD,open-meteo,icon_global,D-2+,1,1,2026-08-13,2026-08-13,0,1,unavailable
ZSPD,open-meteo,icon_global,D0-morning,1,1,2026-08-11,2026-08-11,0,1,unavailable
ZSPD,previous-runs,ecmwf_ifs025,D-1,365,365,2025-07-19,2026-07-18,0,365,reconstructed-research
ZSPD,previous-runs,gfs_global,D-1,365,365,2025-07-19,2026-07-18,0,365,reconstructed-research
ZSPD,previous-runs,icon_global,D-1,363,363,2025-07-19,2026-07-18,0,363,reconstructed-research
ZSQD,open-meteo,ecmwf_ifs025,D-1,1,1,2026-08-12,2026-08-12,1,1,historical-causal
ZSQD,open-meteo,ecmwf_ifs025,D-2+,1,1,2026-08-13,2026-08-13,1,1,historical-causal
ZSQD,open-meteo,ecmwf_ifs025,D0-morning,1,1,2026-08-11,2026-08-11,1,1,historical-causal
ZSQD,open-meteo,gfs_global,D-1,1,1,2026-08-12,2026-08-12,1,1,historical-causal
ZSQD,open-meteo,gfs_global,D-2+,1,1,2026-08-13,2026-08-13,1,1,historical-causal
ZSQD,open-meteo,gfs_global,D0-morning,1,1,2026-08-11,2026-08-11,1,1,historical-causal
ZSQD,open-meteo,icon_global,D-1,1,1,2026-08-12,2026-08-12,1,1,historical-causal
ZSQD,open-meteo,icon_global,D-2+,1,1,2026-08-13,2026-08-13,1,1,historical-causal
ZSQD,open-meteo,icon_global,D0-morning,1,1,2026-08-11,2026-08-11,1,1,historical-causal
ZSQD,previous-runs,ecmwf_ifs025,D-1,365,365,2025-07-19,2026-07-18,0,365,reconstructed-research
ZSQD,previous-runs,gfs_global,D-1,365,365,2025-07-19,2026-07-18,0,365,reconstructed-research
ZSQD,previous-runs,icon_global,D-1,363,363,2025-07-19,2026-07-18,0,363,reconstructed-research
ZUCK,open-meteo,ecmwf_ifs025,D-1,1,1,2026-08-12,2026-08-12,1,1,historical-causal
ZUCK,open-meteo,ecmwf_ifs025,D-2+,1,1,2026-08-13,2026-08-13,1,1,historical-causal
ZUCK,open-meteo,ecmwf_ifs025,D0-morning,1,1,2026-08-11,2026-08-11,1,1,historical-causal
ZUCK,open-meteo,gfs_global,D-1,1,1,2026-08-12,2026-08-12,1,1,historical-causal
ZUCK,open-meteo,gfs_global,D-2+,1,1,2026-08-13,2026-08-13,1,1,historical-causal
ZUCK,open-meteo,gfs_global,D0-morning,1,1,2026-08-11,2026-08-11,1,1,historical-causal
ZUCK,open-meteo,icon_global,D-1,1,1,2026-08-12,2026-08-12,1,1,historical-causal
ZUCK,open-meteo,icon_global,D-2+,1,1,2026-08-13,2026-08-13,1,1,historical-causal
ZUCK,open-meteo,icon_global,D0-morning,1,1,2026-08-11,2026-08-11,1,1,historical-causal
ZUCK,previous-runs,ecmwf_ifs025,D-1,365,365,2025-07-19,2026-07-18,0,365,reconstructed-research
ZUCK,previous-runs,gfs_global,D-1,365,365,2025-07-19,2026-07-18,0,365,reconstructed-research
ZUCK,previous-runs,icon_global,D-1,363,363,2025-07-19,2026-07-18,0,363,reconstructed-research
ZUUU,open-meteo,ecmwf_ifs025,D-1,1,1,2026-08-12,2026-08-12,0,1,unavailable
ZUUU,open-meteo,ecmwf_ifs025,D-2+,1,1,2026-08-13,2026-08-13,0,1,unavailable
ZUUU,open-meteo,ecmwf_ifs025,D0-morning,1,1,2026-08-11,2026-08-11,0,1,unavailable
ZUUU,open-meteo,gfs_global,D-1,1,1,2026-08-12,2026-08-12,1,1,historical-causal
ZUUU,open-meteo,gfs_global,D-2+,1,1,2026-08-13,2026-08-13,1,1,historical-causal
ZUUU,open-meteo,gfs_global,D0-morning,1,1,2026-08-11,2026-08-11,1,1,historical-causal
ZUUU,open-meteo,icon_global,D-1,1,1,2026-08-12,2026-08-12,1,1,historical-causal
ZUUU,open-meteo,icon_global,D-2+,1,1,2026-08-13,2026-08-13,1,1,historical-causal
ZUUU,open-meteo,icon_global,D0-morning,1,1,2026-08-11,2026-08-11,1,1,historical-causal
ZUUU,previous-runs,ecmwf_ifs025,D-1,365,365,2025-07-19,2026-07-18,0,365,reconstructed-research
ZUUU,previous-runs,gfs_global,D-1,365,365,2025-07-19,2026-07-18,0,365,reconstructed-research
ZUUU,previous-runs,icon_global,D-1,363,363,2025-07-19,2026-07-18,0,363,reconstructed-research
